{"cameraMode":{"drawMode":0,"name":"Shaded","section":"Shading Mode"},"sceneLighting":true,"audioPlay":false,"sceneViewState":{"m_AlwaysRefresh":false,"showFog":true,"showSkybox":true,"showFlares":true,"showImageEffects":true,"showParticleSystems":true,"showVisualEffectGraphs":true,"m_FxEnabled":true},"in2DMode":false,"pivot":{"x":-12.899869918823243,"y":-69.6654281616211,"z":181.4459686279297},"rotation":{"x":0.18994563817977906,"y":-0.05539839342236519,"z":0.010693286545574665,"w":0.9802607893943787},"size":101.18533325195313,"orthographic":false}